term,MA,DS,PS,BIO
FA,3.8,4.0,5.4,5.3
FA,3.4000000000000004,4.2,5.2,5.4
FA,2.2,4.6,3.7,4.6
FA,2.9,3.3,4.5,3.8
FA,3.4000000000000004,3.8,4.8,4.8
SPR,3.6000000000000005,4.1000000000000005,5.0,5.2
SPR,3.4000000000000004,4.5,5.4,4.1000000000000005
SPR,3.0,4.9,5.5,3.8
SPR,2.9000000000000004,4.6000000000000005,5.7,4.8
SPR,3.0999999999999996,4.0,4.7,4.7
